{
  "accuracy": 0.6602822580645161,
  "macro_f1": 0.5922499627205735,
  "macro_auc": 0.913852997241737,
  "f1_per_class": {
    "KL0": 0.7789275634995296,
    "KL1": 0.38381742738589214,
    "KL2": 0.6964520367936925,
    "KL3": 0.4838709677419355,
    "KL4": 0.6181818181818182
  }
}