{
  "cyclegan_vgg": {
    "0.3": {
      "runs": [
        {
          "accuracy": 0.7488676396577756,
          "macro_f1": 0.5864173302260614,
          "cm": [
            [
              1067,
              185,
              45,
              0,
              1
            ],
            [
              75,
              135,
              64,
              1,
              0
            ],
            [
              12,
              85,
              265,
              4,
              2
            ],
            [
              0,
              0,
              9,
              11,
              6
            ],
            [
              0,
              0,
              3,
              7,
              10
            ]
          ],
          "recall_0": 0.8220338983050848,
          "recall_1": 0.4909090909090909,
          "recall_2": 0.720108695652174,
          "recall_3": 0.4230769230769231,
          "recall_4": 0.5
        },
        {
          "accuracy": 0.7443381982888777,
          "macro_f1": 0.5737707645187291,
          "cm": [
            [
              1080,
              176,
              34,
              4,
              4
            ],
            [
              85,
              149,
              38,
              3,
              0
            ],
            [
              14,
              110,
              223,
              15,
              6
            ],
            [
              0,
              1,
              2,
              16,
              7
            ],
            [
              0,
              0,
              2,
              7,
              11
            ]
          ],
          "recall_0": 0.8320493066255779,
          "recall_1": 0.5418181818181819,
          "recall_2": 0.6059782608695652,
          "recall_3": 0.6153846153846154,
          "recall_4": 0.55
        },
        {
          "accuracy": 0.7513839959738299,
          "macro_f1": 0.5618167980089928,
          "cm": [
            [
              1138,
              135,
              24,
              1,
              0
            ],
            [
              96,
              133,
              44,
              2,
              0
            ],
            [
              19,
              136,
              201,
              11,
              1
            ],
            [
              0,
              0,
              8,
              9,
              9
            ],
            [
              0,
              0,
              3,
              5,
              12
            ]
          ],
          "recall_0": 0.8767334360554699,
          "recall_1": 0.48363636363636364,
          "recall_2": 0.5461956521739131,
          "recall_3": 0.34615384615384615,
          "recall_4": 0.6
        }
      ],
      "aggregate": {
        "accuracy": {
          "mean": 0.7481966113068278,
          "std": 0.002915307364029986
        },
        "macro_f1": {
          "mean": 0.5740016309179278,
          "std": 0.010044451895166362
        },
        "recall_0": {
          "mean": 0.8436055469953775,
          "std": 0.023779120759465904
        },
        "recall_1": {
          "mean": 0.5054545454545455,
          "std": 0.025883826065530472
        },
        "recall_2": {
          "mean": 0.6240942028985508,
          "std": 0.07214604257876768
        },
        "recall_3": {
          "mean": 0.4615384615384615,
          "std": 0.11322770341445959
        },
        "recall_4": {
          "mean": 0.5499999999999999,
          "std": 0.04082482904638629
        }
      }
    },
    "0.5": {
      "runs": [
        {
          "accuracy": 0.7367891293407146,
          "macro_f1": 0.525952798952751,
          "cm": [
            [
              1061,
              191,
              42,
              2,
              2
            ],
            [
              76,
              131,
              64,
              1,
              3
            ],
            [
              11,
              88,
              252,
              13,
              4
            ],
            [
              0,
              1,
              3,
              14,
              8
            ],
            [
              0,
              0,
              2,
              12,
              6
            ]
          ],
          "recall_0": 0.8174114021571649,
          "recall_1": 0.4763636363636364,
          "recall_2": 0.6847826086956522,
          "recall_3": 0.5384615384615384,
          "recall_4": 0.3
        },
        {
          "accuracy": 0.7468545546049321,
          "macro_f1": 0.5592336776278233,
          "cm": [
            [
              1078,
              187,
              28,
              4,
              1
            ],
            [
              83,
              141,
              49,
              2,
              0
            ],
            [
              10,
              98,
              243,
              13,
              4
            ],
            [
              0,
              0,
              6,
              13,
              7
            ],
            [
              0,
              0,
              1,
              10,
              9
            ]
          ],
          "recall_0": 0.8305084745762712,
          "recall_1": 0.5127272727272727,
          "recall_2": 0.6603260869565217,
          "recall_3": 0.5,
          "recall_4": 0.45
        },
        {
          "accuracy": 0.7443381982888777,
          "macro_f1": 0.5497322011192571,
          "cm": [
            [
              1075,
              191,
              29,
              3,
              0
            ],
            [
              86,
              150,
              37,
              1,
              1
            ],
            [
              9,
              115,
              234,
              7,
              3
            ],
            [
              0,
              0,
              4,
              14,
              8
            ],
            [
              0,
              0,
              4,
              10,
              6
            ]
          ],
          "recall_0": 0.8281972265023112,
          "recall_1": 0.5454545454545454,
          "recall_2": 0.6358695652173914,
          "recall_3": 0.5384615384615384,
          "recall_4": 0.3
        }
      ],
      "aggregate": {
        "accuracy": {
          "mean": 0.7426606274115081,
          "std": 0.004276983319571232
        },
        "macro_f1": {
          "mean": 0.5449728925666105,
          "std": 0.013997439879508708
        },
        "recall_0": {
          "mean": 0.8253723677452491,
          "std": 0.0057077839678718
        },
        "recall_1": {
          "mean": 0.5115151515151515,
          "std": 0.028219264792297714
        },
        "recall_2": {
          "mean": 0.6603260869565217,
          "std": 0.0199686663813846
        },
        "recall_3": {
          "mean": 0.5256410256410255,
          "std": 0.01813094310734736
        },
        "recall_4": {
          "mean": 0.35000000000000003,
          "std": 0.07071067811865477
        }
      }
    },
    "1.0": {
      "runs": [
        {
          "accuracy": 0.7382989431303473,
          "macro_f1": 0.5806731632014477,
          "cm": [
            [
              1067,
              195,
              34,
              2,
              0
            ],
            [
              77,
              151,
              45,
              2,
              0
            ],
            [
              12,
              118,
              225,
              6,
              7
            ],
            [
              0,
              1,
              5,
              12,
              8
            ],
            [
              0,
              1,
              2,
              5,
              12
            ]
          ],
          "recall_0": 0.8220338983050848,
          "recall_1": 0.5490909090909091,
          "recall_2": 0.6114130434782609,