{
  "cyclegan": {
    "0.3": {
      "runs": [
        {
          "accuracy": 0.7327544621321755,
          "macro_f1": 0.6227820550343035,
          "cm": [
            [
              1164,
              230,
              58,
              2,
              0
            ],
            [
              109,
              158,
              70,
              0,
              0
            ],
            [
              28,
              41,
              182,
              3,
              0
            ],
            [
              0,
              0,
              8,
              10,
              1
            ],
            [
              0,
              0,
              2,
              2,
              5
            ]
          ],
          "recall_0": 0.8005502063273727,
          "recall_1": 0.4688427299703264,
          "recall_2": 0.7165354330708661,
          "recall_3": 0.5263157894736842,
          "recall_4": 0.5555555555555556
        },
        {
          "accuracy": 0.7404727448142788,
          "macro_f1": 0.5340534705049753,
          "cm": [
            [
              1186,
              228,
              40,
              0,
              0
            ],
            [
              119,
              175,
              43,
              0,
              0
            ],
            [
              17,
              69,
              165,
              3,
              0
            ],
            [
              0,
              0,
              9,
              6,
              4
            ],
            [
              0,
              0,
              1,
              5,
              3
            ]
          ],
          "recall_0": 0.8156808803301238,
          "recall_1": 0.5192878338278932,
          "recall_2": 0.6496062992125984,
          "recall_3": 0.3157894736842105,
          "recall_4": 0.3333333333333333
        },
        {
          "accuracy": 0.7168355041003377,
          "macro_f1": 0.4994479972848289,
          "cm": [
            [
              1133,
              254,
              65,
              2,
              0
            ],
            [
              117,
              152,
              68,
              0,
              0
            ],
            [
              13,
              45,
              193,
              0,
              3
            ],
            [
              0,
              0,
              11,
              1,
              7
            ],
            [
              0,
              0,
              1,
              1,
              7
            ]
          ],
          "recall_0": 0.7792297111416782,
          "recall_1": 0.45103857566765576,
          "recall_2": 0.7598425196850394,
          "recall_3": 0.05263157894736842,
          "recall_4": 0.7777777777777778
        }
      ],
      "aggregate": {
        "accuracy": {
          "mean": 0.7300209036822639,
          "std": 0.009841546067277272
        },
        "macro_f1": {
          "mean": 0.5520945076080359,
          "std": 0.05194183744056545
        },
        "recall_0": {
          "mean": 0.7984869325997249,
          "std": 0.014952474882274459
        },
        "recall_1": {
          "mean": 0.4797230464886251,
          "std": 0.028905319873793228
        },
        "recall_2": {
          "mean": 0.7086614173228346,
          "std": 0.04534685706869029
        },
        "recall_3": {
          "mean": 0.2982456140350877,
          "std": 0.19377826345942561
        },
        "recall_4": {
          "mean": 0.5555555555555555,
          "std": 0.1814436846506058
        }
      }
    },
    "0.5": {
      "runs": [
        {
          "accuracy": 0.7216594307766522,
          "macro_f1": 0.5853105090798699,
          "cm": [
            [
              1135,
              266,
              53,
              0,
              0
            ],
            [
              118,
              168,
              49,
              2,
              0
            ],
            [
              18,
              54,
              178,
              2,
              2
            ],
            [
              0,
              0,
              3,
              8,
              8
            ],
            [
              0,
              0,
              0,
              2,
              7
            ]
          ],
          "recall_0": 0.78060522696011,
          "recall_1": 0.49851632047477745,
          "recall_2": 0.7007874015748031,
          "recall_3": 0.42105263157894735,
          "recall_4": 0.7777777777777778
        },
        {
          "accuracy": 0.7366136034732272,
          "macro_f1": 0.5656802897077495,
          "cm": [
            [
              1158,
              260,
              36,
              0,
              0
            ],
            [
              91,
              190,
              56,
              0,
              0
            ],
            [
              14,
              68,
              170,
              1,
              1
            ],
            [
              0,
              0,
              13,
              3,
              3
            ],
            [
              0,
              0,
              3,
              0,
              6
            ]
          ],
          "recall_0": 0.796423658872077,
          "recall_1": 0.5637982195845698,
          "recall_2": 0.6692913385826772,
          "recall_3": 0.15789473684210525,
          "recall_4": 0.6666666666666666
        },
        {
          "accuracy": 0.7110467920887602,
          "macro_f1": 0.5695277653292511,
          "cm": [
            [
              1112,
              278,
              63,
              1,
              0
            ],
            [
              97,
              175,
              65,
              0,
              0
            ],
            [
              15,
              58,
              175,
              5,
              1
            ],
            [
              0,
              0,
              10,
              7,
              2
            ],
            [
              0,
              0,
              1,
              3,
              5
            ]
          ],
          "recall_0": 0.7647867950481431,
          "recall_1": 0.5192878338278932,
          "recall_2": 0.6889763779527559,
          "recall_3": 0.3684210526315789,
          "recall_4": 0.5555555555555556
        }
      ],
      "aggregate": {
        "accuracy": {
          "mean": 0.7231066087795467,
          "std": 0.010487650013906016
        },
        "macro_f1": {
          "mean": 0.5735061880389568,
          "std": 0.008493419554463701
        },
        "recall_0": {
          "mean": 0.7806052269601101,
          "std": 0.012915695571759062
        },
        "recall_1": {
          "mean": 0.5272007912957468,
          "std": 0.027232245099774895
        },
        "recall_2": {
          "mean": 0.6863517060367453,
          "std": 0.012991463171406361
        },
        "recall_3": {
          "mean": 0.31578947368421056,
          "std": 0.11369720523522561
        },
        "recall_4": {
          "mean": 0.6666666666666666,
          "std": 0.09072184232530289
        }
      }
    },
    "1.0": {
      "runs": [
        {
          "accuracy": 0.7520501688374337,
          "macro_f1": 0.5713014730666924,
          "cm": [
            [
              1203,
              211,
              40,
              0,
              0
            ],
            [
              121,
              165,
              51,
              0,
              0
            ],
            [
              18,
              53,
              180,
              1,
              2
            ],
            [
              0,
              0,
              9,
              4,
              6
            ],
            [
              0,
              0,
              0,
              2,
              7
            ]
          ],