{
  "cyclegan": {
    "0.3": {
      "runs": [
        {
          "accuracy": 0.7518872672370408,
          "macro_f1": 0.5928805655186705,
          "cm": [
            [
              1081,
              182,
              34,
              0,
              1
            ],
            [
              72,
              149,
              52,
              2,
              0
            ],
            [
              9,
              108,
              241,
              7,
              3
            ],
            [
              0,
              0,
              7,
              11,
              8
            ],
            [
              0,
              0,
              4,
              4,
              12
            ]
          ],
          "recall_0": 0.8328197226502311,
          "recall_1": 0.5418181818181819,
          "recall_2": 0.654891304347826,
          "recall_3": 0.4230769230769231,
          "recall_4": 0.6
        },
        {
          "accuracy": 0.7498741821841973,
          "macro_f1": 0.5488209960278725,
          "cm": [
            [
              1091,
              182,
              23,
              1,
              1
            ],
            [
              73,
              156,
              45,
              1,
              0
            ],
            [
              10,
              118,
              223,
              13,
              4
            ],
            [
              0,
              0,
              5,
              11,
              10
            ],
            [
              0,
              0,
              1,
              10,
              9
            ]
          ],
          "recall_0": 0.8405238828967643,
          "recall_1": 0.5672727272727273,
          "recall_2": 0.6059782608695652,
          "recall_3": 0.4230769230769231,
          "recall_4": 0.45
        },
        {
          "accuracy": 0.7488676396577756,
          "macro_f1": 0.5408786300121599,
          "cm": [
            [
              1150,
              127,
              20,
              0,
              1
            ],
            [
              128,
              104,
              41,
              1,
              1
            ],
            [
              30,
              116,
              215,
              3,
              4
            ],
            [
              1,
              0,
              7,
              7,
              11
            ],
            [
              0,
              0,
              4,
              4,
              12
            ]
          ],
          "recall_0": 0.8859784283513097,
          "recall_1": 0.3781818181818182,
          "recall_2": 0.5842391304347826,
          "recall_3": 0.2692307692307692,
          "recall_4": 0.6
        }
      ],
      "aggregate": {
        "accuracy": {
          "mean": 0.7502096963596712,
          "std": 0.0012553790930293345
        },
        "macro_f1": {
          "mean": 0.560860063852901,
          "std": 0.022872905218147672
        },
        "recall_0": {
          "mean": 0.8531073446327683,
          "std": 0.023455200274844254
        },
        "recall_1": {
          "mean": 0.4957575757575758,
          "std": 0.08378554986077798
        },
        "recall_2": {
          "mean": 0.615036231884058,
          "std": 0.029546207301268272
        },
        "recall_3": {
          "mean": 0.3717948717948718,
          "std": 0.0725237724293895
        },
        "recall_4": {
          "mean": 0.5499999999999999,
          "std": 0.07071067811865474
        }
      }
    },
    "0.5": {
      "runs": [
        {
          "accuracy": 0.7468545546049321,
          "macro_f1": 0.5871670171087541,
          "cm": [
            [
              1079,
              198,
              20,
              0,
              1
            ],
            [
              79,
              154,
              39,
              0,
              3
            ],
            [
              12,
              116,
              226,
              11,
              3
            ],
            [
              0,
              0,
              4,
              14,
              8
            ],
            [
              0,
              0,
              2,
              7,
              11
            ]
          ],
          "recall_0": 0.8312788906009245,
          "recall_1": 0.56,
          "recall_2": 0.6141304347826086,
          "recall_3": 0.5384615384615384,
          "recall_4": 0.55
        },
        {
          "accuracy": 0.7473578258681429,
          "macro_f1": 0.5714411448001258,
          "cm": [
            [
              1080,
              176,
              40,
              2,
              0
            ],
            [
              79,
              140,
              53,
              2,
              1
            ],
            [
              9,
              102,
              241,
              15,
              1
            ],
            [
              0,
              0,
              5,
              16,
              5
            ],
            [
              0,
              0,
              0,
              12,
              8
            ]
          ],
          "recall_0": 0.8320493066255779,
          "recall_1": 0.509090909090909,
          "recall_2": 0.654891304347826,
          "recall_3": 0.6153846153846154,
          "recall_4": 0.4
        },
        {
          "accuracy": 0.7257171615500755,
          "macro_f1": 0.5384997488702679,
          "cm": [
            [
              1052,
              225,
              19,
              1,
              1
            ],
            [
              76,
              159,
              38,
              1,
              1
            ],
            [
              15,
              125,
              210,
              15,
              3
            ],
            [
              0,
              0,
              5,
              14,
              7
            ],
            [
              0,
              0,
              2,
              11,
              7
            ]
          ],
          "recall_0": 0.810477657935285,
          "recall_1": 0.5781818181818181,
          "recall_2": 0.5706521739130435,
          "recall_3": 0.5384615384615384,
          "recall_4": 0.35
        }
      ],
      "aggregate": {
        "accuracy": {
          "mean": 0.7399765140077168,
          "std": 0.010084977933359609
        },
        "macro_f1": {
          "mean": 0.5657026369263826,
          "std": 0.020278454969284546
        },
        "recall_0": {
          "mean": 0.8246019517205957,
          "std": 0.00999233510957564
        },
        "recall_1": {
          "mean": 0.5490909090909091,
          "std": 0.029242031713490484
        },
        "recall_2": {
          "mean": 0.6132246376811593,
          "std": 0.03439644482979624
        },
        "recall_3": {
          "mean": 0.564102564102564,
          "std": 0.036261886214694776
        },
        "recall_4": {
          "mean": 0.43333333333333335,
          "std": 0.08498365855987977
        }
      }
    },
    "1.0": {
      "runs": [
        {
          "accuracy": 0.7242073477604429,
          "macro_f1": 0.5648407720627074,
          "cm": [
            [
              1039,
              219,
              36,
              2,
              2
            ],
            [
              76,
              144,
              53,
              1,
              1
            ],
            [
              13,
              107,
              231,
              13,
              4
            ],
            [
              0,
              0,
              4,
              12,
              10
            ],
            [
              0,
              0,
              0,
              7,
              13
            ]
          ],
          "recall_0": 0.800462249614792,
          "recall_1": 0.5236363636363637,
          "recall_2": 0.6277173913043478,