{
  "runs": [
    {
      "accuracy": 0.7295095323447939,
      "macro_f1": 0.6125515222541216,
      "cm": [
        [
          3578,
          1080,
          89,
          1,
          0
        ],
        [
          90,
          379,
          121,
          0,
          2
        ],
        [
          13,
          205,
          457,
          14,
          7
        ],
        [
          0,
          3,
          13,
          29,
          12
        ],
        [
          0,
          1,
          0,
          9,
          34
        ]
      ],
      "recall_0": 0.7535804549283909,
      "recall_1": 0.6402027027027027,
      "recall_2": 0.6566091954022989,
      "recall_3": 0.5087719298245614,
      "recall_4": 0.7727272727272727
    },
    {
      "accuracy": 0.7875183314322959,
      "macro_f1": 0.5832990137768668,
      "cm": [
        [
          4070,
          637,
          40,
          1,
          0
        ],
        [
          181,
          339,
          68,
          1,
          3
        ],
        [
          43,
          251,
          369,
          26,
          7
        ],
        [
          0,
          2,
          17,
          31,
          7
        ],
        [
          0,
          1,
          0,
          19,
          24
        ]
      ],
      "recall_0": 0.8572030328559394,
      "recall_1": 0.5726351351351351,
      "recall_2": 0.5301724137931034,
      "recall_3": 0.543859649122807,
      "recall_4": 0.5454545454545454
    },
    {
      "accuracy": 0.7751344305035034,
      "macro_f1": 0.6183041003834467,
      "cm": [
        [
          3892,
          762,
          94,
          0,
          0
        ],
        [
          124,
          334,
          133,
          0,
          1
        ],
        [
          12,
          191,
          473,
          15,
          5
        ],
        [
          0,
          1,
          20,
          28,
          8
        ],
        [
          0,
          1,
          1,
          12,
          30
        ]
      ],
      "recall_0": 0.8197135636057288,
      "recall_1": 0.5641891891891891,
      "recall_2": 0.6795977011494253,
      "recall_3": 0.49122807017543857,
      "recall_4": 0.6818181818181818
    }
  ],
  "aggregate": {
    "accuracy": {
      "mean": 0.764054098093531,
      "std": 0.02494441176736994
    },
    "macro_f1": {
      "mean": 0.604718212138145,
      "std": 0.015326656139187404
    },
    "recall_0": {
      "mean": 0.8101656837966864,
      "std": 0.04283908784216936
    },
    "recall_1": {
      "mean": 0.5923423423423423,
      "std": 0.03401758438511989
    },
    "recall_2": {
      "mean": 0.6221264367816093,
      "std": 0.06569512720108142
    },
    "recall_3": {
      "mean": 0.5146198830409358,
      "std": 0.02188103734955523
    },
    "recall_4": {
      "mean": 0.6666666666666666,
      "std": 0.09340021216619662
    }
  }
}