{
  "runs": [
    {
      "accuracy": 0.7187650747708635,
      "macro_f1": 0.5642989823381522,
      "cm": [
        [
          1139,
          280,
          35,
          0,
          0
        ],
        [
          106,
          188,
          43,
          0,
          0
        ],
        [
          18,
          79,
          152,
          3,
          2
        ],
        [
          0,
          0,
          11,
          5,
          3
        ],
        [
          0,
          0,
          1,
          2,
          6
        ]
      ],
      "recall_0": 0.7833562585969739,
      "recall_1": 0.5578635014836796,
      "recall_2": 0.5984251968503937,
      "recall_3": 0.2631578947368421,
      "recall_4": 0.6666666666666666
    },
    {
      "accuracy": 0.7081524360829715,
      "macro_f1": 0.5578657860568746,
      "cm": [
        [
          1087,
          320,
          47,
          0,
          0
        ],
        [
          79,
          199,
          59,
          0,
          0
        ],
        [
          13,
          63,
          171,
          6,
          1
        ],
        [
          0,
          0,
          10,
          6,
          3
        ],
        [
          0,
          0,
          0,
          4,
          5
        ]
      ],
      "recall_0": 0.7475928473177441,
      "recall_1": 0.5905044510385756,
      "recall_2": 0.6732283464566929,
      "recall_3": 0.3157894736842105,
      "recall_4": 0.5555555555555556
    },
    {
      "accuracy": 0.7308248914616498,
      "macro_f1": 0.5699132161960209,
      "cm": [
        [
          1149,
          260,
          45,
          0,
          0
        ],
        [
          97,
          180,
          60,
          0,
          0
        ],
        [
          18,
          57,
          174,
          2,
          3
        ],
        [
          0,
          0,
          8,
          5,
          6
        ],
        [
          0,
          0,
          1,
          1,
          7
        ]
      ],
      "recall_0": 0.7902338376891335,
      "recall_1": 0.5341246290801187,
      "recall_2": 0.6850393700787402,
      "recall_3": 0.2631578947368421,
      "recall_4": 0.7777777777777778
    }
  ],
  "aggregate": {
    "accuracy": {
      "mean": 0.7192474674384949,
      "std": 0.009262274207373957
    },
    "macro_f1": {
      "mean": 0.5640259948636825,
      "std": 0.004922129272331583
    },
    "recall_0": {
      "mean": 0.7737276478679505,
      "std": 0.018692175250471843
    },
    "recall_1": {
      "mean": 0.5608308605341247,
      "std": 0.023112406420470643
    },
    "recall_2": {
      "mean": 0.652230971128609,
      "std": 0.03835075904515079
    },
    "recall_3": {
      "mean": 0.2807017543859649,
      "std": 0.024810764252159563
    },
    "recall_4": {
      "mean": 0.6666666666666666,
      "std": 0.09072184232530289
    }
  }
}