{
  "runs": [
    {
      "accuracy": 0.8975932043416706,
      "macro_f1": 0.35625282717494855,
      "cm": [
        [
          1857,
          124,
          12,
          0,
          0
        ],
        [
          34,
          26,
          13,
          0,
          1
        ],
        [
          3,
          21,
          18,
          1,
          2
        ],
        [
          0,
          0,
          4,
          1,
          1
        ],
        [
          0,
          0,
          0,
          1,
          0
        ]
      ],
      "recall_0": 0.9317611640742599,
      "recall_1": 0.35135135135135137,
      "recall_2": 0.4,
      "recall_3": 0.16666666666666666,
      "recall_4": 0.0
    },
    {
      "accuracy": 0.8919301557338367,
      "macro_f1": 0.36243117161243454,
      "cm": [
        [
          1834,
          139,
          19,
          1,
          0
        ],
        [
          26,
          33,
          14,
          1,
          0
        ],
        [
          3,
          16,
          22,
          1,
          3
        ],
        [
          0,
          0,
          3,
          1,
          2
        ],
        [
          0,
          0,
          0,
          1,
          0
        ]
      ],
      "recall_0": 0.9202207727044657,
      "recall_1": 0.44594594594594594,
      "recall_2": 0.4888888888888889,
      "recall_3": 0.16666666666666666,
      "recall_4": 0.0
    },
    {
      "accuracy": 0.8692779613025012,
      "macro_f1": 0.4266492092754931,
      "cm": [
        [
          1779,
          206,
          8,
          0,
          0
        ],
        [
          22,
          46,
          5,
          1,
          0
        ],
        [
          3,
          23,
          15,
          2,
          2
        ],
        [
          0,
          1,
          2,
          1,
          2
        ],
        [
          0,
          0,
          0,
          0,
          1
        ]
      ],
      "recall_0": 0.8926241846462619,
      "recall_1": 0.6216216216216216,
      "recall_2": 0.3333333333333333,
      "recall_3": 0.16666666666666666,
      "recall_4": 1.0
    }
  ],
  "aggregate": {
    "accuracy": {
      "mean": 0.8862671071260028,
      "std": 0.012233583196616972
    },
    "macro_f1": {
      "mean": 0.3817777360209587,
      "std": 0.03182902050038977
    },
    "recall_0": {
      "mean": 0.9148687071416625,
      "std": 0.016419688263957028
    },
    "recall_1": {
      "mean": 0.47297297297297297,
      "std": 0.11198020625816262
    },
    "recall_2": {
      "mean": 0.4074074074074074,
      "std": 0.06372092790401945
    },
    "recall_3": {
      "mean": 0.16666666666666666,
      "std": 0.0
    },
    "recall_4": {
      "mean": 0.3333333333333333,
      "std": 0.4714045207910317
    }
  }
}