{
  "runs": [
    {
      "accuracy": 0.77453447408153,
      "macro_f1": 0.5804662790950725,
      "cm": [
        [
          1158,
          94,
          45,
          1,
          0
        ],
        [
          121,
          93,
          60,
          1,
          0
        ],
        [
          24,
          68,
          266,
          7,
          3
        ],
        [
          0,
          0,
          6,
          11,
          9
        ],
        [
          0,
          0,
          5,
          4,
          11
        ]
      ],
      "recall_0": 0.8921417565485362,
      "recall_1": 0.3381818181818182,
      "recall_2": 0.7228260869565217,
      "recall_3": 0.4230769230769231,
      "recall_4": 0.55
    },
    {
      "accuracy": 0.7523905385002516,
      "macro_f1": 0.6068091410622067,
      "cm": [
        [
          1096,
          159,
          41,
          1,
          1
        ],
        [
          92,
          109,
          74,
          0,
          0
        ],
        [
          11,
          78,
          260,
          14,
          5
        ],
        [
          0,
          0,
          3,
          17,
          6
        ],
        [
          0,
          0,
          1,
          6,
          13
        ]
      ],
      "recall_0": 0.8443759630200308,
      "recall_1": 0.39636363636363636,
      "recall_2": 0.7065217391304348,
      "recall_3": 0.6538461538461539,
      "recall_4": 0.65
    },
    {
      "accuracy": 0.7554101660795168,
      "macro_f1": 0.5734146786264583,
      "cm": [
        [
          1108,
          143,
          44,
          1,
          2
        ],
        [
          85,
          126,
          63,
          1,
          0
        ],
        [
          18,
          92,
          243,
          12,
          3
        ],
        [
          0,
          0,
          4,
          13,
          9
        ],
        [
          0,
          1,
          0,
          8,
          11
        ]
      ],
      "recall_0": 0.8536209553158706,
      "recall_1": 0.4581818181818182,
      "recall_2": 0.6603260869565217,
      "recall_3": 0.5,
      "recall_4": 0.55
    }
  ],
  "aggregate": {
    "accuracy": {
      "mean": 0.7607783928870995,
      "std": 0.009804824154472402
    },
    "macro_f1": {
      "mean": 0.5868966995945791,
      "std": 0.014371505631944283
    },
    "recall_0": {
      "mean": 0.8633795582948126,
      "std": 0.020685188048898073
    },
    "recall_1": {
      "mean": 0.39757575757575764,
      "std": 0.048997291954927844
    },
    "recall_2": {
      "mean": 0.6965579710144928,
      "std": 0.026470360862685616
    },
    "recall_3": {
      "mean": 0.5256410256410257,
      "std": 0.09593993299420363
    },
    "recall_4": {
      "mean": 0.5833333333333334,
      "std": 0.04714045207910316
    }
  }
}