{
  "accuracy": 0.3061323032351521,
  "macro_f1": 0.3754363254395472,
  "macro_auc": 0.8383622433634162,
  "f1_per_class": {
    "KL0": 0.24777711914641376,
    "KL1": 0.2616822429906542,
    "KL2": 0.514575411913815,
    "KL3": 0.3076923076923077,
    "KL4": 0.5454545454545454
  }
}