{
  "accuracy": 0.10377358490566038,
  "macro_f1": 0.057016769638128864,
  "macro_auc": 0.6213905781129492,
  "f1_per_class": {
    "KL0": 0.0,
    "KL1": 0.09090909090909091,
    "KL2": 0.1941747572815534,
    "KL3": 0.0,
    "KL4": 0.0
  }
}