{
  "accuracy": 0.03633789523360075,
  "macro_f1": 0.17497675072227756,
  "macro_auc": 0.7278513165733974,
  "f1_per_class": {
    "KL0": 0.0,
    "KL1": 0.0536779324055666,
    "KL2": 0.18018018018018017,
    "KL3": 0.3076923076923077,
    "KL4": 0.3333333333333333
  }
}